{
  "project_info": {
    "project_number": "1029804902011",
    "project_id": "appandroid-326f5",
    "storage_bucket": "appandroid-326f5.firebasestorage.app"
  },
  "client": [
    {
      "client_info": {
        "mobilesdk_app_id": "1:1029804902011:android:dd4d9c5765174bf78384de",
        "android_client_info": {
          "package_name": "com.example.myapplication"
        }
      },
      "oauth_client": [],
      "api_key": [
        {
          "current_key": "AIzaSyBPwZkyBjd1vL0BMGBrgAwO4ibdwH8VAmc"
        }
      ],
      "services": {
        "appinvite_service": {
          "other_platform_oauth_client": []
        }
      }
    }
  ],
  "configuration_version": "1"
}